{
    "lights": [
        {
            "name": "Point Light",
            "type": 2,
            "intensity": 1.159999966621399,
            "color": {
                "r": 1.0,
                "g": 1.0,
                "b": 1.0,
                "a": 1.0
            },
            "range": 10.0,
            "spotAngle": 30.0,
            "localPosition": {
                "x": 0.0,
                "y": 4.7028422355651859,
                "z": 20.0
            },
            "localEulerAngles": {
                "x": 13.232269287109375,
                "y": 180.0,
                "z": 0.0
            }
        },
        {
            "name": "Point Light",
            "type": 2,
            "intensity": 1.159999966621399,
            "color": {
                "r": 1.0,
                "g": 1.0,
                "b": 1.0,
                "a": 1.0
            },
            "range": 10.0,
            "spotAngle": 30.0,
            "localPosition": {
                "x": 0.0,
                "y": 4.7028422355651859,
                "z": 20.0
            },
            "localEulerAngles": {
                "x": 13.232269287109375,
                "y": 180.0,
                "z": 0.0
            }
        },
        {
            "name": "Point Light",
            "type": 2,
            "intensity": 1.159999966621399,
            "color": {
                "r": 1.0,
                "g": 1.0,
                "b": 1.0,
                "a": 1.0
            },
            "range": 10.0,
            "spotAngle": 30.0,
            "localPosition": {
                "x": 0.0,
                "y": 4.7028422355651859,
                "z": 20.0
            },
            "localEulerAngles": {
                "x": 13.232269287109375,
                "y": 180.0,
                "z": 0.0
            }
        }
    ],
    "rigName": "asss"
}