{
    "lights": [
        {
            "name": "Point Light",
            "type": 2,
            "intensity": 1.159999966621399,
            "color": {
                "r": 1.0,
                "g": 1.0,
                "b": 1.0,
                "a": 1.0
            },
            "range": 10.0,
            "spotAngle": 30.0,
            "localPosition": {
                "x": 0.0,
                "y": 0.7524546980857849,
                "z": 3.1999998092651369
            },
            "localEulerAngles": {
                "x": 13.232268333435059,
                "y": 180.0,
                "z": 0.0
            }
        },
        {
            "name": "Point Light",
            "type": 2,
            "intensity": 1.159999966621399,
            "color": {
                "r": 1.0,
                "g": 1.0,
                "b": 1.0,
                "a": 1.0
            },
            "range": 10.0,
            "spotAngle": 30.0,
            "localPosition": {
                "x": 0.0,
                "y": 1.6048345565795899,
                "z": 3.1999998092651369
            },
            "localEulerAngles": {
                "x": 26.63426399230957,
                "y": 180.0,
                "z": 0.0
            }
        },
        {
            "name": "Point Light",
            "type": 2,
            "intensity": 1.159999966621399,
            "color": {
                "r": 1.0,
                "g": 1.0,
                "b": 1.0,
                "a": 1.0
            },
            "range": 10.0,
            "spotAngle": 30.0,
            "localPosition": {
                "x": 2.7429354190826418,
                "y": 1.6048345565795899,
                "z": 1.6481218338012696
            },
            "localEulerAngles": {
                "x": 26.634258270263673,
                "y": 239.0,
                "z": -9.551254152029288e-7
            }
        },
        {
            "name": "Point Light",
            "type": 2,
            "intensity": 1.159999966621399,
            "color": {
                "r": 1.0,
                "g": 1.0,
                "b": 1.0,
                "a": 1.0
            },
            "range": 10.0,
            "spotAngle": 30.0,
            "localPosition": {
                "x": 2.3096325397491457,
                "y": 1.6048345565795899,
                "z": -2.214858055114746
            },
            "localEulerAngles": {
                "x": 26.634262084960939,
                "y": 313.79998779296877,
                "z": 0.0
            }
        },
        {
            "name": "Point Light",
            "type": 2,
            "intensity": 1.159999966621399,
            "color": {
                "r": 1.0,
                "g": 1.0,
                "b": 1.0,
                "a": 1.0
            },
            "range": 10.0,
            "spotAngle": 30.0,
            "localPosition": {
                "x": -0.9888543486595154,
                "y": 1.6048345565795899,
                "z": -3.0433807373046877
            },
            "localEulerAngles": {
                "x": 26.63426399230957,
                "y": 18.000001907348634,
                "z": 4.775627076014644e-7
            }
        },
        {
            "name": "Point Light",
            "type": 2,
            "intensity": 1.159999966621399,
            "color": {
                "r": 1.0,
                "g": 1.0,
                "b": 1.0,
                "a": 1.0
            },
            "range": 10.0,
            "spotAngle": 30.0,
            "localPosition": {
                "x": -0.9888543486595154,
                "y": 1.6048345565795899,
                "z": -3.0433807373046877
            },
            "localEulerAngles": {
                "x": 26.63426399230957,
                "y": 18.000001907348634,
                "z": 4.775627076014644e-7
            }
        },
        {
            "name": "Point Light",
            "type": 2,
            "intensity": 1.159999966621399,
            "color": {
                "r": 1.0,
                "g": 0.0,
                "b": 0.0,
                "a": 1.0
            },
            "range": 10.0,
            "spotAngle": 30.0,
            "localPosition": {
                "x": -3.164020299911499,
                "y": 1.6048345565795899,
                "z": -0.4785127639770508
            },
            "localEulerAngles": {
                "x": 26.634262084960939,
                "y": 81.40000915527344,
                "z": 9.551255288897665e-7
            }
        }
    ],
    "rigName": "lol"
}