{
    "lights": [
        {
            "name": "Point Light",
            "type": 2,
            "intensity": 5.78000020980835,
            "color": {
                "r": 1.0,
                "g": 0.0,
                "b": 0.0,
                "a": 1.0
            },
            "range": 10.0,
            "spotAngle": 30.0,
            "localPosition": {
                "x": -1.0958142280578614,
                "y": 0.9545421004295349,
                "z": 0.0958709716796875
            },
            "localEulerAngles": {
                "x": 40.9503173828125,
                "y": 94.99999237060547,
                "z": 0.0000022608189738093644
            }
        },
        {
            "name": "Point Light",
            "type": 2,
            "intensity": 6.849999904632568,
            "color": {
                "r": 0.0,
                "g": 0.16606616973876954,
                "b": 1.0,
                "a": 1.0
            },
            "range": 10.0,
            "spotAngle": 30.0,
            "localPosition": {
                "x": 0.17207786440849305,
                "y": 0.9256618618965149,
                "z": -1.0864572525024415
            },
            "localEulerAngles": {
                "x": 40.080970764160159,
                "y": 351.0,
                "z": 0.0
            }
        }
    ],
    "rigName": "TestRig"
}